,num_layers,learning_rate,batch_size,dropout,n_nodes1,n_nodes2,n_nodes3,n_nodes4,n_nodes5,n_nodes6,n_nodes7,MAE
BAT,2.0,0.0006622342756945744,8.0,6.326344917993203e-05,132.0,133.0,143.0,66.0,99.0,35.0,34.0,17.734065780639682
GWO,2.0,0.0006648502923810076,8.0,0.0011201147521435254,130.0,135.0,120.0,67.0,87.0,33.0,40.0,18.121503191861226
HHO,2.0,0.0009510842563973308,8.0,0.0,109.0,147.0,109.0,50.0,50.0,25.0,25.0,18.60593229120431
PESA,3.0,0.001,8.0,0.0,101.0,138.0,102.0,94.0,51.0,35.0,50.0,22.701482328935082
ES,2.0,0.001,8.0,0.0,143.0,126.0,150.0,50.0,79.0,33.0,36.0,24.52520552895288
