Method,num_layers,learning_rate,batch_size,dropout,n_nodes1,n_nodes2,n_nodes3,n_nodes4,n_nodes5,n_nodes6,n_nodes7,MSE
GWO,2,3.94E-04,8,0.00E+00,166,150,122,100,52,50,50,317.1647586
PESA,2,1.00E-03,8,0.00E+00,163,114,101,75,91,42,50,325.5893435
BAT,3,3.10E-04,8,3.27E-03,136,137,145,72,100,36,38,335.6757177
ES,2,1.00E-03,8,0.00E+00,165,129,150,77,61,38,42,414.1506751
HHO,2,3.34E-04,8,6.62E-02,180,135,105,50,50,25,25,544.6184292
