,HHO,PPO,GWO,PESA
1,946.2512755393982,643.8104960918427,640.8880243301392,705.0235779285431
8,397.1185474395752,82.30716466903687,80.92302131652832,32.33691382408142
16,358.4753968715668,42.59877061843872,41.37007737159729,18.782114028930664
32,340.8057687282562,22.190110683441162,22.02464747428894,15.300398349761963
