,alpha0,alpha1,alpha2,alpha3,alpha4,alpha5,alpha6,alpha7,alpha8
1,0.008839893869322157,-0.05077262388866133,0.03406010766060197,-0.044307856567895376,0.01003683315142645,-0.0014193824642118047,-0.0700406717382599,0.015046511869531987,0.010521781066140268
2,-0.012774777406027338,-0.05254777267513999,-0.031797938458251795,0.0003346958607342021,0.04449423915823236,0.07751340017445685,0.006838150414083033,0.0007706859449743142,-0.01915499196101056
3,-0.012774777979986718,0.044494239508355626,0.0003346959070040789,-0.031797938358766015,-0.052547772135989046,-0.019154991606311622,0.0007706859342726524,0.006838150474361371,0.07751340027983333
4,0.008839893703075585,0.010036833115252275,-0.04430785613347821,0.034060107062264144,-0.050772623874983824,0.010521781089055396,0.015046511823937347,-0.07004067166897321,-0.0014193819225469806
5,0.00883989351562553,-0.001419381317380286,-0.07004067156921456,0.015046511509348992,0.01052178098167697,-0.050772623822318286,0.03406010705144946,-0.04430785626114764,0.010036833220291363
6,-0.012774777766840273,0.07751340024657571,0.0068381505526868835,0.0007706859620326689,-0.019154991887083916,-0.052547772142928606,-0.0317979383740907,0.0003346958910082076,0.044494239222278686
7,-0.012774777749443467,-0.019154991924437814,0.0007706859506093622,0.006838150464592185,0.0775134002364748,0.044494239243042744,0.00033469587235623877,-0.03179793837593389,-0.05254777204482619
8,0.008839893779409191,0.010521781053265747,0.015046511866166012,-0.07004067170027184,-0.0014193818863547092,0.010036833099956066,-0.04430785624668121,0.03406010693417416,-0.05077262388599946
