id,npop,frac,alpha_init,cxpb,mutpb,score
1,54,0.6,0.1710124100180742,0.7291323856929842,0.08826035386091327,6956.296591892622
2,65,0.5,0.09972659627946216,0.6138845669971184,0.08149322095572158,6438.862336115154
3,65,0.2,0.17973023808595068,0.6169426421063402,0.14111569944278907,7061.134678030165
4,74,0.2,0.14220824468600426,0.5798991681371779,0.17027395504947257,6877.923760042211
5,68,0.2,0.1812712169461819,0.5091769949100661,0.05381687914901912,7325.213817290076
